﻿{
  "exams": {
    "SSC": {
      "groups": [
        "Science",
        "Commerce",
        "Arts",
        "Others"
      ]
    },
    "HSC": {
      "groups": [
        "Science",
        "Commerce",
        "Arts",
        "Others"
      ]
    },
    "BSc": {
      "groups": [
        "Engineering",
        "Computer Science",
        "Business Administration",
        "Others"
      ]
    },
    "MSc": {
      "groups": [
        "Engineering",
        "Computer Science",
        "Business Administration",
        "Others"
      ]
    },
    "Others": {
      "groups": []
    }
  }
}
