﻿{
  "suggestions": [
    {
      "category": "Report",
      "tags": [
        "annual report",
        "monthly report",
        "budget",
        "show cause"
      ]
    },
    {
      "category": "Payslip",
      "tags": [
        "pay 1",
        "pay 2"
      ]
    },
    {
      "category": "Receipt",
      "tags": [
        "receipt 1",
        "receipt 2"
      ]
    },
    {
      "category": "Voucher",
      "tags": [
        "voucher 1",
        "voucher 2"
      ]
    },
    {
      "category": "Bank Draft",
      "tags": [
        "bank draft 1"
      ]
    }
  ]
}
